Category,Product Name,Location,Price,Overall Rating,Number Sold,Total Review,Customer Rating,text,label,Emotion
Electronics,Sanken Rice Cooker 1 Liter SJ-203 Warna Random - Biru,Jakarta Barat,567000,4.8,702,321,5,"Dikirim dengan cepat untuk wilayar Jaksel, langsung dipakai den befungsi dengan baik. Recomended Seller",Positive,Love
Electronics,EMOJI ALARM CLOCK - Jam Weker Alarm Digital Lampu Tidur Unik Anak - Putih,Jakarta Barat,176000,4.9,199,80,5,"Barang sesuai deskripsi, recommended high quality product. Seller: packaging ok",Positive,Love
Electronics,CIJI QC 3.0 Smart Charger Quick Charge 4 USB port - Putih,Kota Tangerang,77000,4.8,2453,1336,5,"pesanan dah sampai, Barangnya original ??. Barangnya mulus. Warna sesuai pesanan. Proses pesanan cepat. Packaging rapi. Packaging aman ??. Bisa fast charging. kurir juga cepat, trims ya",Positive,Happy
Electronics,Oraimo Bundle 3pcs Kabel Data Micro USB Fast Charging Cable OCD-M29N,Jakarta Pusat,59900,4.9,5371,2426,5,"Pemrosesan serta pengiriman produk cepat, padahal bukan di daerah JABODETABEK. Produk diterima dengan sempurna, 3 buah micro USB Data Cable kualitas premium, dan ada bonus kartu perdana Smartfren. Trims",Positive,Happy
Electronics,VIVAN Kabel Data iPhone Lightning 1M Fast Charging 2.4A VXL100 - Biru,Jakarta Utara,79000,4.9,1816,701,5,Bagus kabelnya cepet buat ngecas jozz,Positive,Happy
Electronics,Kova Liko Kompor Listrik Mini Stove Moka Pot Seduh V60 Manual Brew - Hitam,Jakarta Barat,84900,4.8,2052,966,5,Barangnya original. Hemat listrik. Bahan kuat & awet. Mutu terjamin SNI. Penjualnya ramah banget. Packaging aman. Proses pesanan cepat. Gampang dipakai.,Positive,Happy
Electronics,Air Purifier Sanwoo 330,Jakarta Utara,2800000,5.0,1256,752,5,"trnyata tanggal merah tetap melayani pengiriman,dan benar lngsung dikirimkan by instant kurir...pelayanan dan respon nya juara...semoga awet dan fungsional",Positive,Happy
Electronics,TOLEDA HEADPHONE EXTRA BASS WITH MIC,Kab. Tangerang,159000,4.7,56300,16089,5,"Alhamdulillah, barang sesuai pesanan, suaranya jelas, ukurannya pas (bisa dipanjangkan), kabel tidak mudah putus (menggunakan kabel yg lebar)",Positive,Happy
Electronics,BARDI Smart LIGHT BULB RGB+WW 12W Wifi Wireless IoT - Home Automation,Jakarta Barat,199000,4.9,45400,19119,5,"Seller ramahhhhh banget, fast respons menjawab pertanyaan buyer, jadi buyer paham benar produk yg akan dibeli, pengiriman cepat, yg terpenting produknya bagus bgt, berfungsi normal, bisa atur semua warna termasuk rgb saat bermain dan putih saat bekerja, warna putih menyala terang, gampang connect ke wifi dan diatur di handphone, aplikasi mudah digunakan, memang ga salah pilih Bardi, yeayyyyy skrg kamar ada lampu rgb nya, suka bgt sama ambience nya",Positive,Love
Electronics,Kipas Angin Meja / Duduk NAGOYA (Desk Fan) 12in - NG12DF,Jakarta Barat,176000,4.9,2126,1139,5,Gampang dirakit. Desain elegan. Penjualnya ramah banget.,Positive,Love
Electronics,PowerBank ROBOT 10000mAh RT180 Dual Input Port Type C & Micro USB - Hijau,Jakarta Utara,250000,4.9,6785,3682,5,"Paket sudah diterima dalam kondisi aman, lengkap dan tanpa cacat. Packing rapi dan aman pake bublewrap. berfungsi normal. ori masih segel dan harga bersahabat. seller ok, recomanded",Positive,Happy
Electronics,BASEUS TRUE WIRELESS BLUETOOTH EARPHONE MINI EARBUDS TWS WM01 - Ungu,Jakarta Utara,569000,4.9,28507,16953,5,Barangnya original. Ada garansi resmi. Suaranya jernih. Desainnya modern. Nyaman dipakai lama. Koneksi bluetooth kuat. Material premium. Baterai tahan lama. Noise cancellation mantap. Kabelnya kuat. Bass-nya mantap. Suaranya gurih. Harganya terjangkau. Value for money. Koneksi ke Apple Lancar. Koneksi Android lancar. Suaranya bersih. Nggak kresek-kresek. Penjualnya ramah banget. Proses pesanan cepat.,Positive,Happy
Electronics,Set 2pcs LED Outdoor Solar Lampu Taman Tenaga Surya Waterproof IP65 - Putih,Kota Batam,90000,4.7,414,130,5,barang sudah diterima dan berfungsi dengan baik. terima kasih,Positive,Happy
Electronics,Lampu LED 212 Lampu Taman Lampu Tenaga Surya Sensor Gerak - 100 LED,Kab. Tangerang,69000,4.6,1817,559,5,Proses pesanan cepat. Respon penjualnya top. Packaging rapi.,Positive,Happy
Electronics,Bundling Speaker G2 Bluetooth Mega Audio Mg 2 & Holder Gurita HP,Kota Makassar,50000,4.6,2321,548,5,Proses pesanan cepat. Packaging aman ??. Packaging rapi.,Positive,Happy
Electronics,EMOJI ALARM CLOCK - Jam Weker Alarm Digital Lampu Tidur Unik Anak - Putih,Jakarta Barat,176000,4.9,199,80,4,"Barang dan pengiriman sesuai...Suara alarm kurang begitu kenceng. Alarm clock agak mengarah keatas, jd display pd jam hanya akan terlihat lbh jelas bila posisi mata Qta lbh tinggi dr posisi jam.",Positive,Happy
Electronics,Oraimo Bundle 3pcs Kabel Data Micro USB Fast Charging Cable OCD-M29N,Jakarta Pusat,59900,4.9,5371,2426,4,pengiriman cepat. product Aman. dicoba bisa charge. cm gak terlalu fast charging,Positive,Happy
Electronics,VIVAN Kabel Data iPhone Lightning 1M Fast Charging 2.4A VXL100 - Biru,Jakarta Utara,79000,4.9,1816,701,4,"Untuk barangnya sangat berkualitas, akan tetapi pengirimnya yang agak lama, terima kasih.",Positive,Happy
Electronics,Kova Liko Kompor Listrik Mini Stove Moka Pot Seduh V60 Manual Brew - Hitam,Jakarta Barat,84900,4.8,2052,966,4,"Klaim produk order ditanggapi dg cepat, dan diganti sesuai dg kualitas yg baik.",Positive,Happy
Electronics,TOLEDA HEADPHONE EXTRA BASS WITH MIC,Kab. Tangerang,159000,4.7,56300,16089,4,"Barang bagus, pengiriman juga cepat. Cuma minus di packaging nya kurang rapi (cuma pakai plastik. Tapi rekomen sih buat harga segini.",Positive,Happy
Electronics,BARDI Smart LIGHT BULB RGB+WW 12W Wifi Wireless IoT - Home Automation,Jakarta Barat,199000,4.9,45400,19119,4,"Mantab, produk sesuai deskripsi, material produk krg rapi, packing aman dan pengiriman cepat, thx seller",Positive,Happy
Electronics,Kipas Angin Meja / Duduk NAGOYA (Desk Fan) 12in - NG12DF,Jakarta Barat,176000,4.9,2126,1139,4,Model dan warna aku suka tp pemasangan sedikit ribet moga ja awet,Positive,Happy
Electronics,PowerBank ROBOT 10000mAh RT180 Dual Input Port Type C & Micro USB - Hijau,Jakarta Utara,250000,4.9,6785,3682,4,barang mantapppp original robot. harga juga lumayannnn okeee,Positive,Happy
Electronics,BASEUS TRUE WIRELESS BLUETOOTH EARPHONE MINI EARBUDS TWS WM01 - Ungu,Jakarta Utara,569000,4.9,28507,16953,4,"bagus, original, suara lumayan, semua touch control nya berfungsi dengan baik, batre lumayan awet.",Positive,Happy
Electronics,Set 2pcs LED Outdoor Solar Lampu Taman Tenaga Surya Waterproof IP65 - Putih,Kota Batam,90000,4.7,414,130,4,Barangnya original. Mutu terjamin SNI. Gampang dipakai. Hemat listrik. Modelnya keren. Hemat listrik,Positive,Happy
Electronics,Lampu LED 212 Lampu Taman Lampu Tenaga Surya Sensor Gerak - 100 LED,Kota Tangerang,69000,4.6,1817,559,4,"Barangnya berfungsi dengan baik, semoga baterainya awet ya",Positive,Happy
Electronics,Bundling Speaker G2 Bluetooth Mega Audio Mg 2 & Holder Gurita HP,Kota Makassar,50000,4.6,2321,548,4,Proses pesanan cepat. Packaging rapi.,Positive,Happy
Electronics,PINZY Portable Wireless Speaker T5 | Speaker Bluetooth mini,Jakarta Barat,90000,4.5,11529,3548,4,"sesuai dengan harga , lumayan lah lebih kencang dari speaker hp",Positive,Happy
Electronics,Headset Bluetooth I7S TWS Versi 5.0 Sport True Wireless Airpods i7s,Jakarta Pusat,32500,4.7,15608,3225,4,Harganya terjangkau. Koneksi Android lancar.,Positive,Happy
Electronics,Lampu LED Strip RGB 5050 IP44,Jakarta Barat,65000,4.7,6612,1010,4,"Produk cepat sampai dan sesuai deskripsi, tapi chat nya slow respon overall bagus",Positive,Happy
Electronics,Oraimo Bundle 3pcs Kabel Data Micro USB Fast Charging Cable OCD-M29N,Jakarta Pusat,59900,4.9,5371,2426,3,"kesel ama durasi pengirimannya doang, overall barangnya bagus kok",Positive,Happy
Electronics,VIVAN Kabel Data iPhone Lightning 1M Fast Charging 2.4A VXL100 - Biru,Jakarta Utara,79000,4.9,1816,701,3,Barang nya ok.. cuma proses kirim nya agak lama dan admin nya harus nya dichat dulu baru di proses barang nya.,Positive,Happy
Electronics,Kova Liko Kompor Listrik Mini Stove Moka Pot Seduh V60 Manual Brew - Hitam,Jakarta Barat,84900,4.8,2052,966,3,"barang sangat lama datang, dan ada sedikit penyot di bagian lampu indikator, tapi alhamdulillah berfungsi dgn baik",Positive,Happy
Electronics,Bundling Speaker G2 Bluetooth Mega Audio Mg 2 & Holder Gurita HP,Kota Makassar,50000,4.6,2321,548,3,suaranya jernih tp kurang keras dan casnya gk berfungsi tp gpp sy punya cas sndri Proses pesanan cepat. Packaging aman. Packaging rapi.,Positive,Happy
Electronics,PINZY Portable Wireless Speaker T5 | Speaker Bluetooth mini,Jakarta Barat,90000,4.5,11529,3548,3,Barangnya lumayan bagus hanya saja kurang bass nya,Positive,Happy
Electronics,Headset Bluetooth I7S TWS Versi 5.0 Sport True Wireless Airpods i7s,Jakarta Pusat,32500,4.7,15608,3225,3,kurang bass tapi Harganya terjangkau. Proses pesanan cepat.,Positive,Happy
Electronics,Lampu LED Strip RGB 5050 IP44,Jakarta Barat,65000,4.7,6612,1010,3,Solatip nya kurang merekat tapi lampunya topp,Positive,Happy
Electronics,Kipas Angin Meja / Duduk NAGOYA (Desk Fan) 12in - NG12DF,Jakarta Barat,176000,4.9,2126,1139,3,"Kipas ok, namun packingnya rusak, dosnya sudah terbuka.",Positive,Happy
Electronics,NO TOUCH BUTTON ACCESS DOOR LIFT TOUCHLESS INFRARED SENSOR 12V-24V - POLOS,Kab. Tangerang,45000,4.9,4045,475,3,ternyata kecil. belum pasang. semoga berfungsi baik.,Positive,Happy
Electronics,ezviz c6n 2mp wifi camera wireless garansi resmi Indonesia - C6N,Surabaya,379000,4.9,2163,677,3,"Ini pembelian saya yang kedua kali, pada saat saya terima kondisi segel sudah terbuka dan kartu garansi beda dengan 2 unit yang saya sebelumnya meskipun garansi resmi Indonesia dan unit IP Cameranya berbahasa Indonesia serta kondisi unit bisa dinyalakan. Saran saja sebelum barang dikirim disampaikan saja kondisinya supaya lebih transparan.",Positive,Happy
Electronics,azdome dash camera 1080p dual camera with parking mode - M17Front,Jakarta Barat,699999,4.9,3800,1825,3,"full hd dan 2k hasil video nya masih noisy gak gitu jelas pun, ada harga ada rupa, overall masih acceptable di range harga ini.",Positive,Happy
Electronics,Bardi Smart Home WIFI Window & Door Sensor - no hub required,Jakarta Barat,184000,4.9,7516,2494,3,Di aplikasinya gak bisa kelihatan kalo pintu lagi ke buka atau enggak.Tapi automationnya lumayan lengkapnlah,Positive,Happy
Electronics,Power Supply 10A / 12V Adaptor CCTV CENTRAL,Jakarta Barat,74600,4.9,3981,998,3,Berfungsi tapi sayangnya penyok,Positive,Happy
Electronics,"Mesin Absensi BioFinger AT-100, 500 Jari, USB Flash, EXCEL, Murah, Grs",Kota Surabaya,415000,4.9,148,75,5,Barang berfungsi dengan baik. Packaging aman ??. Barang Mudah Digunakan.,Positive,Happy
Electronics,"Mesin Absensi BioFinger AT-100, 500 Jari, USB Flash, EXCEL, Murah, Grs",Kota Surabaya,415000,4.9,148,75,5,"Oke mantap, pengiriman cepat, seller ramah fast response. Produk sesuai harapan. Thanks",Positive,Happy
Electronics,DORAHOMI Oven Listrik Low Watt Electric Open Kue alat panggang 12Liter - Putih Susu,Jakarta Utara,480000,4.9,224,97,5,Packaging rapi. Gampang dipakai. Desainnya elegan ?. Ada baret dikit tp masi ok lah overall,Positive,Happy
Electronics,DORAHOMI Oven Listrik Low Watt Electric Open Kue alat panggang 12Liter - Putih Susu,Jakarta Utara,480000,4.9,224,97,5,"fast respon, barang bagus panasnya juga bagus",Positive,Happy
Electronics,DORAHOMI Oven Listrik Low Watt Electric Open Kue alat panggang 12Liter - Putih Susu,Jakarta Utara,480000,4.9,224,97,5,"Alhamdulillah barang sudah diterima dg baik,respon penjualnya top deh.semoga makin sukses,Abang kurirnya ramah.terimakasih",Positive,Happy
Electronics,Xiaomi Mijia Robot Vacuum 1C Cleaner 2500pa Suction - Robot Vacuum 1C - Global,Jakarta Utara,2499000,4.9,536,205,5,Barangnya original ??. Gampang dipakai. Ada garansi resmi. Penjualnya ramah banget.,Positive,Happy
Electronics,Xiaomi Mijia Robot Vacuum 1C Cleaner 2500pa Suction - Robot Vacuum 1C - Global,Jakarta Utara,2499000,4.9,536,205,5,Barang bagus dan berfungsi dengan baik. Hasil pengepelan juga bersih. Pengiriman cepat.,Positive,Happy
Electronics,Ezviz C6N 2MP 1080p Smart Wifi Pan Tilt CCTV camera original garansi - C6N only,Kota Bandung,379000,5.0,1700,643,1,"segel rusak agak ragu sih dengan kualitas nya sempet komplain ,disertakan video unboxing saat paket datang. tp sama penjual direspons negative. yasudahlah. kapok beli disini",Negative,Fear
Electronics,Kulkas 1 Pintu Sanyo Aqua D190. Dark Silver. New Colour,Jakarta Barat,1640000,4.9,2301,1060,2,"Barang dateng pake kurir toko, di unboxing trnyt ad lecet/baret ampe besi ny keliatan sesuai dengan foto yg saya ambil. Dlm chat dgn owner tidak ad pertanggung jwban, chat sy cm di read dr smnjk kmrn mlm (6 april 2020 jam 8an mlm, smpe skg tgl 7 april 2020 jam 16.30an)",Negative,Anger
Electronics,Kulkas 1 Pintu Sanyo Aqua D190. Dark Silver. New Colour,Jakarta Barat,1640000,4.9,2301,1060,2,"Awalnya coba2 beli merk ini tapi ternyata kulkasnya ga bagus, pada saat proses pendinginan kompressornya suranya keras berisik sumpah ganggu banget",Negative,Anger
Electronics,BESI KAKI KULKAS-RODA KULKAS-TATAKAN KULKAS DAN MESIN CUCI,Jakarta Timur,72500,4.8,2129,997,2,Baru datang saya rakit Coba naikan kulkas baru sebentar kaki sudah patah al hasil tidak di pakai Untung kulkas tidak jatuh,Negative,Sadness
Electronics,BESI KAKI KULKAS-RODA KULKAS-TATAKAN KULKAS DAN MESIN CUCI,Jakarta Timur,72500,4.8,2129,997,1,Barangnya ringkih bgt. Saya baru pake udh penyok. Pdhl saya pake untuk mesin cuci 7 kg. Maap.,Negative,Sadness
Electronics,PRINTER KASIR/PPOB THERMAL 58MM PANDA PRJ-R58D ANDROID (USB+BLUETOOTH),Jakarta Barat,355000,4.9,2351,710,1,"Gak guna dibeli, aplikasi semua gabisa. Moka Cashlez semua gabisa. dulu beli apa juga ga connect. no recomended. harga mahal. support jelek",Negative,Fear
Electronics,IWARE ZJ-5809 MINI PORTABLE BLUETOOTH THERMAL PRINTER PPOB/KASIR 58MM,Jakarta Barat,320000,4.9,451,208,2,"dikirimnya lama, plus batrenya cuma 1500mah alias tdk sesuai pic.",Negative,Fear
Electronics,Paket Mesin Kasir Android Untuk Restoran,Jakarta Barat,2280000,4.9,990,426,3,Drawlernya ga bisa kebuka manual ataupun yg otomatis,Negative,Sadness
Electronics,Paket Mesin Kasir Android Untuk Restoran,Jakarta Barat,2280000,4.9,990,426,1,Lacinya sering macet tidak terbuka otomatis,Negative,Sadness
Electronics,Kit Mp3 Bluetooth,Kota Surabaya,31500,4.9,10884,1083,3,pakingnya kurang aman. di pakein dus tipis doang. pdahal elektronik dg barang riskan pecah kalo di tumpuk brng lain,Negative,Sadness
Electronics,Kit Mp3 Bluetooth,Kota Surabaya,31500,4.9,10884,1083,2,"tidak sesuai yang diharapkan, volume tidak besar kencang",Negative,Fear
Electronics,Module KIT MP3 Player Bluetooth Lengkap 1 Set,Jakarta Barat,30000,4.8,2893,878,1,"ad retak di bagian kasingnya yg ad logo bluetooth nya, untuk unit MP3 kit blom di tes mudah2han nyala, setelah di tes ternyata gak ad suaranya padahal kalo pake modul MP3 lain nyala?? jadi keluar biaya 2x niat hemat malah buntung",Negative,Sadness
Electronics,Module KIT MP3 Player Bluetooth Lengkap 1 Set,Jakarta Barat,30000,4.8,2893,878,3,"klo bisa di test dulu , minimal nyala .kondisi barang yg sampai ke saya tidak bisa nyala , ada komponen dioda yg gak terpasang di power 5v input.overall sih ok , bisa sy perbaiki dari pada retur.thanks",Negative,Fear
Electronics,Module KIT MP3 Player Bluetooth Lengkap 1 Set,Jakarta Barat,30000,4.8,2893,878,2,"packing kurang rapi, tidak aman,, dus penyok...player hancur.....",Negative,Sadness
Electronics,Rechargeable Mini Wireless Keyboard For Android Tv Box mini i10,Jakarta Utara,56000,4.9,1186,422,1,"tidak sesuai deskripsi, tidak sesuai gambar, ada bbrapa tombol yg tidak berfungsi, mau retur, mau ganti dg model lain yg ada backlight, ga masalah nambah biaya, tp respon seller biikin kecewa!",Negative,Fear
Electronics,Rechargeable Mini Wireless Keyboard For Android Tv Box mini i10,Jakarta Utara,56000,4.9,1186,422,1,Banyak tombol yg rusak... Batre rusak tidak bisa di charge.,Negative,Anger
Electronics,Xiaomi MiBox Mi Box S Mi Box 4 Internasional Android TV MDZ-22-AB - TanpaKeyboard,Kota Malang,945000,4.9,533,226,1,"Aplikasi banyak yang gak bisa kebuka. Cm bs youtube aja. Wirelles keyboard arah atas,back dan angka 3 tidak bisa. Kecewa tidak dilakukan pengecekan dlu sebelum dikirim. Niat mau nonton bein jadi tidak bisa. Remote mi boxnya jg tdk bisa.",Negative,Sadness
Electronics,Original RUIZU X50 8Gb BLUETOOTH Sport MP3 Player DAP TF FM Pedo V X02,Jakarta Barat,399000,4.8,618,263,2,"Tidak bisa upload atau transfer file dari komputer ke MP3 player, padalhan sudah gonti USB cable data yg terbaik dan sudah update USB drive nya. Ternyata harus beli external memory card, awalnya tertulis internal 4GB :(",Negative,Sadness
Electronics,4Connect Bluetooth Audio Receiver Dongle with MP3 Player and FM Radio,Kota Tangerang Selatan,69000,4.8,683,228,2,"pengiriman cepet, tapi qualitas barangnya jelek, kekuatan baterai nya cuma bertahan 30-40 menit, klo dicas ada suara berdesis.",Negative,Anger
Electronics,4Connect Bluetooth Audio Receiver Dongle with MP3 Player and FM Radio,Kota Tangerang Selatan,69000,4.8,683,228,2,"Suara noise seperti saat sedang mencari saluran radio dan agak meletup2 sangat mengganggu, padahal sedang berada pada mode bluetooth untuk mendengarkan musik. Bikin sakit telinga.",Negative,Sadness
Electronics,AUQOZ A8 Handy Mini Walkie Talkie - Radio HT New 888s by Pofung,Kota Tangerang Selatan,399000,4.9,2439,1107,3,"yg satu error mulu. jadinya repot. kadang hidupnya susah, kalauoun hidup, harusbpakai headset, sebab mic nya nyala mati",Negative,Sadness
Electronics,AUQOZ A8 Handy Mini Walkie Talkie - Radio HT New 888s by Pofung,Kota Tangerang Selatan,399000,4.9,2439,1107,1,"nggak recomended saya sdh tes wtnya katany jarak 1km, ini 100 meter saja sdh gangguan",Negative,Fear
Electronics,AUQOZ A8 Handy Mini Walkie Talkie - Radio HT New 888s by Pofung,Kota Tangerang Selatan,399000,4.9,2439,1107,1,"1 ga bisa nyala, 1 mati2 suaranya",Negative,Sadness
Electronics,Baterai Case AAA ke AA Adaptor Battery Konverter Adapter A3 to A2,Jakarta Barat,4500,4.9,748,169,1,"Seller 2x masalah dalam pengiriman barang. Pertama, saya beli 3 macam barang yg di kirim cuman 1 macam. Kedua, barang yg kurang sudah dikirim tetapi tidak seusai pesanan saya. Alhasil cuman 2 barang yg saya pesan yg nyampe. Ngasih resi jg tidak sesuai di pengajuan komplain, admin slow respon, official store ga menjamin deh",Negative,Sadness
Electronics,Telephone rumah single line analog standar panasonic KX-TS505 SECOND - Merah,Jakarta Pusat,69000,4.9,862,344,1,"barang tdk bs di pake ,ring tune jg g bunyi.kecewa",Negative,Sadness
Electronics,Telephone rumah single line analog standar panasonic KX-TS505 SECOND - Merah,Jakarta Pusat,69000,4.9,862,344,1,"barang tdk bisa dipakai, suara tdk keluar ... sangat mengecewakan",Negative,Sadness
Electronics,Telephone rumah single line analog standar panasonic KX-TS505 SECOND - Merah,Jakarta Pusat,69000,4.9,862,344,2,"Mic Speakernya Rusak, suaranya terlampau kecil banget, nyaris gak bisa dengar. hmm not worth it. gak di cek dulu sebelum kirim!",Negative,Anger
Electronics,Telephone rumah single line analog standar panasonic KX-TS505 SECOND - Merah,Jakarta Pusat,69000,4.9,862,344,3,Ujung kabel colokan dari gagang telepon ke pesawat telepon sudah tidak bisa terpasang sempurna.,Negative,Sadness
Electronics,Telepon Kabel Sahitel S35 Pesawat Telepon Rumah Sahitel S-35 (Kuning),Jakarta Barat,116000,4.9,1382,558,1,penjual kurang responsif saat diajukan pertanyaan tentang barang yg dikirim... jd kecewa bngt... ndak recomended sm penjual kyk gini... saran bwt toko cari pegawai yang sikapnya enak dan responsif kepada pelanggan... agar pelanggan merasa puas dan senang dengan pelayanan,Negative,Fear
Electronics,Lampu LED STRIP SELANG 3528 2835 10M 220V 10 Meter 5050 Outdoor RGB,Jakarta Utara,84000,4.7,623,185,1,"sy pernah usaha jd sy tdk mau menjelekan usaha org, sya toleransi klo pertama beli colokan rusak sy anggap kurir, tpi transaksi ke-2 ini lampu 2dari 3 hanya nyala setengah, bagaimana admin jualan tidak cek dulu sebelum pac d kirim. jujur saya kecewa, saya beli barang mungkin murah tapi bukan yg rusak donk.. cukup terakhir kali belanja di toko ini ????",Negative,Anger
Electronics,Lampu LED STRIP SELANG 3528 2835 10M 220V 10 Meter 5050 Outdoor RGB,Jakarta Utara,84000,4.7,623,185,1,packing jelek ..brg dtng kotaknya penyot2..pesan 8 bh rusak 2 bh,Negative,Anger
Electronics,BASEUS LAMPU DINDING SENSOR OTOMATIS / MALAM / TIDUR LED KAMAR RUMAH - Aisle Light,Kota Tangerang,339000,4.9,9739,4643,1,"respon pengiriman sangat lambat.status sengaja dirubah ke pengiriman agar tidak ada batas waktu batal otomatis. tapi barang tidak dikirim-kirim. status berubah jadi pengiriman sampai resi keluar 3 hari, baru kurir berhasil pickup barang. PAYAH....!!!",Negative,Anger
Electronics,BASEUS LAMPU DINDING SENSOR OTOMATIS / MALAM / TIDUR LED KAMAR RUMAH - Aisle Light,Kota Tangerang,339000,4.9,9739,4643,1,Barang Ga bisa dipake ...lampunya Ga nyala dan sensornya rusak..,Negative,Anger
Electronics,BASEUS LAMPU DINDING SENSOR OTOMATIS / MALAM / TIDUR LED KAMAR RUMAH - Aisle Light,Kota Tangerang,339000,4.9,9739,4643,3,"bagian magnet perekat tidak melekat dengan sempurna, jadinya ketika ditempel dengan lampunya jatuh cukup kecewa karena bagian magnet dengan wadahnya ga melekat kuat jdnya buat rusak lampu kalau jatuh kelantai",Negative,Sadness
Electronics,Senter Swat Mini Zoom / Senter Police LED- U3 5.0,Jakarta Utara,18370,4.8,33503,3666,1,"tidak recommend banget pelayanan ngk bagus dan tidak sesuai di foto, Saya beli 2 tetapi lampu Mati satu dan tidak lengkap",Negative,Fear
Electronics,Senter Swat Mini Zoom / Senter Police LED- U3 5.0,Jakarta Utara,18370,4.8,33503,3666,1,"Barang ada yg tidak dikirim, penjual janji akan dikirim pada saat sy order berikutnya. Tetapi sampai order ke2 dateng tidak disertakan juga kekurangan barangnya. Penipu sellernya.",Negative,Anger
Electronics,Senter Swat Mini Zoom / Senter Police LED- U3 5.0,Jakarta Utara,18370,4.8,33503,3666,1,"Barang yg dikirim tidak dicoba terlebih dulu sehingga ada 1 pcs yg tidak berfungsi,mau diretur ongkir nya lebih mahal dr harga barang,jadi kecewa",Negative,Sadness
Electronics,Senter Swat Mini Zoom / Senter Police LED- U3 5.0,Jakarta Utara,18370,4.8,33503,3666,1,"Barang gak berfungsi, kalo mau dikirim cek dulu bos senter gak hidup udah di cas seharian, packing juga tidak bagus jadi bungkusnya ada yg pecah",Negative,Sadness
Electronics,Senter Swat Mini Zoom / Senter Police LED- U3 5.0,Jakarta Utara,18370,4.8,33503,3666,1,"Harga murah, tapi fisik yang di terima gaa sesuai harapan, lampu di gagang gaa berfungsi, zoom besar kecil gaa berfungsi, lebih parah lagi, saya udah kasih waktu 3 jam untuk jawab keluhan saya via chat, tapi seller slow-slow aja, padahal online.. Utamain kepuasan pelanggan, jangan hanya nyari keuntungan semata, gaa bakal berkah..",Negative,Fear
Electronics,BARDI Bundling LED Strip RGBWW Wifi 2m & Adaptor 4m,Jakarta Barat,605000,4.9,5777,3016,1,Jelek! Silikon pelindungnya setelah ditekuk gampang pecah jadi sobek gitu. Kualitas lamounya juga tidak sebaik yg saya bayangkan. Jauh dibawah kualitasnya philips.,Negative,Anger
Electronics,BARDI Bundling LED Strip RGBWW Wifi 2m & Adaptor 4m,Jakarta Barat,605000,4.9,5777,3016,1,"Barang sangat jelek, tidak fungsi, klaim� tetap rusak. Mendingan jangan beli.",Negative,Anger
Electronics,BARDI Bundling LED Strip RGBWW Wifi 2m & Adaptor 4m,Jakarta Barat,605000,4.9,5777,3016,3,barangnya ada yg sobek diujung nya jadi macet� ketika dinyalakan,Negative,Sadness
Electronics,LAMPU EMERGENCY 26SMD 8JAM USB DARURAT AOKI AK 7820 - Random,Jakarta Timur,42500,4.9,7796,2781,1,"lampu sudah di charge ga bisa menyala sama sekali padahal baru beli,saya KECEWA SEKALI!!!PENJUAL NO RESPON!!!!",Negative,Anger
Electronics,LAMPU EMERGENCY 26SMD 8JAM USB DARURAT AOKI AK 7820 - Random,Jakarta Timur,42500,4.9,7796,2781,1,di keterangannya kuat 8 jam....eh baru aja 1 jam juga belum udah redup para,Negative,Sadness
Electronics,LAMPU EMERGENCY 26SMD 8JAM USB DARURAT AOKI AK 7820 - Random,Jakarta Timur,42500,4.9,7796,2781,3,Untuk sekelas official store ini paling kacau sih packingnya. Bener2 cuma plastik item tipis kualitas trash bag dilakban asal-asalan. Mending kalau ada tambah opsi bubble wrap.,Negative,Sadness
Electronics,LAMPU EMERGENCY 26SMD 8JAM USB DARURAT AOKI AK 7820 - Random,Jakarta Timur,42500,4.9,7796,2781,2,gada 2 jam uda redup padahal cas nya seharian sebelum pemakaian pertama,Negative,Sadness
Electronics,Lampu led strip RGB warna warni ip44 3528 komplit set adaptor remote,Jakarta Pusat,39000,4.7,20610,5765,1,"gak rekomendasi untuk beli disini, ada masalah tapi seller ga jawab pesan. tadinya ga mau pakai fitur komplain tokped karena gw kira seller bakal mau tanggung jawab, tapi sampai pesanan otomatis selesai belum juga ada balasan. buat pelajaran aja buat yang lain, beli barang kaya gacha, kalau lagi ga beruntung bisa dapat barang jelek dan ga bisa dituker",Negative,Fear
Electronics,Lampu led strip RGB warna warni ip44 3528 komplit set adaptor remote,Jakarta Pusat,39000,4.7,20610,5765,1,lampu nya nyala... tapi Bentar aja tahan nya... habis itu mati... terus di colon lagi hidup... Trus Bentar aja mati... ngak tau salahnya dimana...,Negative,Sadness
Electronics,Lampu led strip RGB warna warni ip44 3528 komplit set adaptor remote,Jakarta Pusat,39000,4.7,20610,5765,1,"Barang rusak, ga bisa nyala sama sekali. sebaiknya di coba dulu sebelum dikirim.",Negative,Anger
Electronics,Lampu led strip RGB warna warni ip44 3528 komplit set adaptor remote,Jakarta Pusat,39000,4.7,20610,5765,1,"1 lampu rusak tidak bisa hidup dr awal, 1 lampu lg mati dan tdk bisa hidup setelah dipakai sehari.",Negative,Fear
Electronics,Sanken Rice Cooker 1 Liter SJ-203 Warna Random - Biru,Jakarta Barat,567000,4.8,702,321,3,"pengiriman cepat. barangnya kurang oke, tutupnya ga menutup rapat di satu sisi.",Negative,Sadness
Electronics,EMOJI ALARM CLOCK - Jam Weker Alarm Digital Lampu Tidur Unik Anak - Putih,Jakarta Barat,176000,4.9,199,80,3,"kurang ya jamnya, harusny dijelasin display jam gk selalu hidup harus di idupin dulu.",Negative,Sadness
Electronics,CIJI QC 3.0 Smart Charger Quick Charge 4 USB port - Putih,Kota Tangerang,77000,4.8,2453,1336,3,produk sdg smp dan sy tes tp tidak terbaca fast charging di hp,Negative,Sadness
Electronics,Xiaomi Mijia Robot Vacuum 1C Cleaner 2500pa Suction - Robot Vacuum 1C - Global,Jakarta Utara,2499000,4.9,536,205,1,baru 5 hari barang sudah rusak padahal pemakaian normal. saya kirim balik barang nya ke penjual. katanya masuk garansi toko dan akan di service tapi sudah 1 bulan masih belum ada kejelasan juga. jadi sementara saya kasih bintang 1 dulu. sampai saya terima kembali barang nya dengan keaadaan normal dan berfungsi,Negative,Fear
Electronics,Philips Digital Rice Cooker 1.8L - Fuzzy Logic Bakuhanseki HD4515/33,Sidoarjo,850000,4.9,4001,2324,1,"Barang baru diterima dicoba ternyata sudah rusak, masak nasi tidak panas. setelah dibawa ke service center ternyata heating element nya yang rusak dan harus nunggu service 1 - 2 minggu dan tidak bisa ganti baru. padahal barang baru datang dicoba sudah rusak. sekarang kondisi belum megang rice cookernya masih nunggu diservice repot juga service adanya diluar kota.",Negative,Fear
Electronics,Philips Digital Rice Cooker 1.8L - Fuzzy Logic Bakuhanseki HD4515/33,Sidoarjo,850000,4.9,4001,2324,2,"rice cooker baru beli tp nasi bau dan berair tp tidak bs di ganti barang baru dr toko ini tidak seperti toko2 lain yg kalo barang rusak itungan hari ada garansi toko bs di tukar dgn yg baru bukan diservice seperti yg di sarankan toko. saya sudah bawa ke service center dan hari ini nasinya tetap basah. jujur saya kecewa krn saya memilih toko ini biar kl kenapa2 ngak ribet,ternyata saya salah,saya beli rice cooker mahal menurut saya agar bisa punya rice cooker bagus tp nyatanya seperti ini saya sangat kecewa.",Negative,Sadness
Electronics,Set 2pcs LED Outdoor Solar Lampu Taman Tenaga Surya Waterproof IP65 - Putih,Kota Batam,90000,4.7,414,130,3,"Salah satu unitnya kedip2, harus di ketok2 dlu baru nyala, ntar kedip2 lagi, malahan gak nyala harus di ketok2 lg lampunya... satu unitnya lagi perfect tidak ada masalah.. thanks",Negative,Sadness
Electronics,Lampu LED 212 Lampu Taman Lampu Tenaga Surya Sensor Gerak - 100 LED,Kota Tangerang,69000,4.6,1817,559,3,"lampunya berfungsi, nyala lumayan remang-remang, kekuatan batere di jemur seharian cuma 4 jam. Barang yg sampai soket bautnya patah jadi sedikit terbuka.",Negative,Sadness
Electronics,Sanken Rice Cooker 1 Liter SJ-203 Warna Random - Biru,Jakarta Barat,567000,4.8,702,321,3,Harga di struk yang dimasukkan di kotaknya beda dengan harga yang ditampilkan di tokopedia. Kok bisa harganya lebih mahal ya? Di struk beda jauh harganya,Negative,Fear
Electronics,CIJI QC 3.0 Smart Charger Quick Charge 4 USB port - Putih,Kota Tangerang,77000,4.8,2453,1336,3,"BARANG DTG TIDAK SESUAI YG DIKASIH TAHU ADMIN NYA !! BILANG RICE COOKER 1,2LITER !! TERNYATA BARANG YG DIKIRIM 1 LITER",Negative,Anger
Electronics,CIJI QC 3.0 Smart Charger Quick Charge 4 USB port - Putih,Kota Tangerang,77000,4.8,2453,1336,2,barang cepat panas dan rusak,Negative,Sadness
Electronics,Cosmos CIS-418 - Setrika Listrik,Jakarta Barat,117000,4.8,639,350,3,"Pengiriman lama banget, kurirnya gagal pickup terus.Setrikanya ternyata besar dan lumayan berat.. packingnya tipiss cuma bublewrap selapis.Kualitas strikanya jg kurang menurutku, soalnya ga terlalu panas jd lama setrikanya",Negative,Fear
Electronics,CAMERA ENDOSCOPE ANDROID USB 720P IP67 TAHAN AIR KECIL,Jakarta Utara,48000,4.5,3324,677,3,"ternyata tidak bisa dipakai di redmi 3S, tetapi di laptop bisa. tidak sesuai harapan",Negative,Sadness
Electronics,TOLEDA HEADPHONE EXTRA BASS WITH MIC,Kota Tangerang,159000,4.7,56300,16089,3,"barangnya datang sesuai dgn pesan dan estimasi waktunya pas banget mantap, cuman sayang speaker sebelah kiri gk berfungsi, yg bersuara hnya sbelah kanan",Negative,Sadness
Electronics,BARDI Smart LIGHT BULB RGB+WW 12W Wifi Wireless IoT - Home Automation,Jakarta Barat,199000,4.9,45400,19119,3,"Lampunya sering error padahal terhubung ke wifi, saklar hidup tapi dihidupin di hp gak mau nyala",Negative,Sadness
Electronics,Kipas Angin Meja / Duduk NAGOYA (Desk Fan) 12in - NG12DF,Jakarta Barat,176000,4.9,2126,1139,3,"Baru sampe brgnya cepet sih tp pas dipasang, kipasnya bunyi plus gak ada mur dan baut utk pengikat tutup kipasnya.",Negative,Fear
Electronics,Printer HP Ink Tank 415 Print Scan Copy WiFI Wireless All in one Resmi - COMPATIBLE INK,Jakarta Pusat,2075000,4.9,602,351,3,beli 2 pcs... yang satu normal tanpa kendala.. yang 1 lagi stuck House cartridge nya gak mau ke tengah... step nya sama dengan yang normal ikutin manual...,Negative,Fear
Electronics,Deerma Vacuum Cleaner UV-C Penyedot Debu Tungau CM800 / CM810 - CM800,Jakarta Utara,574000,4.9,2356,1204,3,Alat bagus tapi gak bisa dipakai lama. Dipakai kurang dari 5 menit udah overload dan harus nunggu 30.Kerjaan bersih2 jadinya memakan waktu yg lama sekali,Negative,Sadness
Electronics,Ecovacs DEEBOT T9 + Auto Empty Station Robot Vacuum Cleaner Sapu Pel - T9 AES Grey,Kota Tangerang,15399000,4.9,1394,632,3,"Barang di kirim tanpa bubble pdhl sdh info kalau mendung gelap bahkan gerimis kecil,tp tetap di kirim tanpa di lapis apa pun. dus kalau kena air bkl robel dan tembus.",Negative,Fear
Electronics,Notale UV Anti Dust Mite Vacuum Cleaner HEPA Filter Alt Kurumi Xiaomi,Jakarta Utara,735000,4.9,4502,2558,3,terlalu ringan ..ada suara glodak glodak saat di hidupkan ...ga proper sbg penyedot debu baik (setara penyedot debu murmer ..hanya design saja yg dijual),Negative,Fear
Electronics,Fantech TONE HQ52 Headset Gaming Mobile - HQ52PLUS,Jakarta Barat,229000,4.8,2699,1692,3,"Ya utk harga 100an lumayan worth, cuma rgb kanan dan kiri ga selaras sih, sama ada deflect gara gara pengiriman mungkin.",Negative,Sadness
Electronics,CIJI QC 3.0 Smart Charger Quick Charge 4 USB port - Puti,Kota Tangerang,77000,4.8,2453,1336,2,maaf bintang nya cmn 2 casan nya gk bisa di pakai sudah saya coba berkali kali baru 20-30 mnt batok casan nya panas bgt klo di pake takut meledak untuk pngiriman dan respon oke,Negative,Fear
Electronics,VIVAN Kabel Data iPhone Lightning 1M Fast Charging 2.4A VXL100 - Biru,Jakarta Utara,79000,4.9,1816,701,2,"Toko paling ga niat jualan, beli tanggal 17, baru dkirim tanggal 21, barang sih bagus .. tapi pelayanan ngga banget, sesuai review di bawah",Negative,Sadness
Electronics,TOLEDA HEADPHONE EXTRA BASS WITH MIC,Kota Tangerang,159000,4.7,56300,16089,2,"barangnya tidak berfungsi, boxnya sudah kebuka",Negative,Fear
Electronics,BASEUS TRUE WIRELESS BLUETOOTH EARPHONE MINI EARBUDS TWS WM01 - Ungu,Jakarta Utara,569000,4.9,28507,16953,2,"Penggunaan di HP Samsung: Kualitas suara baik. Kualitas mic standar menuju buruk (suara harus keras baru bisa terdengar oleh lawan bicara). Pengguanan di MacBook: Ketika terhubung kualitas suara baik, namun selalu terputus (tidak stabil koneksinya), sehingga tidak bisa digunakan. Buat temen-temen yang perlu connect ke laptop gitu mending cari TWS lain deh. Soalnya koneksinya ke laptop enggak stabil. Sekian.",Negative,Fear
Electronics,Set 2pcs LED Outdoor Solar Lampu Taman Tenaga Surya Waterproof IP65 - Putih,Kota Batam,90000,4.7,414,130,2,dari 4 lampu...yg nyala cuma 3..yg 1 nya mati.padahal udah dijemur dulu sblm dipasang tadi siang.kecewa ya..,Negative,Sadness
Electronics,PINZY Portable Wireless Speaker T5 | Speaker Bluetooth mini,Jakarta Barat,90000,4.5,11529,3548,2,"Yang penting keluar suara deh. Soal kualitas suara maaf ya, mungkin mirip sama mainan anak-anak berbentuk Handphone.",Negative,Anger
Electronics,Headset Bluetooth I7S TWS Versi 5.0 Sport True Wireless Airpods i7s,Jakarta Pusat,32500,4.7,15608,3225,2,pesan 2 yang satu setengahnya mati.,Negative,Sadness
Electronics,Lampu LED Strip RGB 5050 IP44,Jakarta Barat,65000,4.7,6612,1010,2,"Klamaan di pengiriman. Pesen urgent pagi2 pke ojek online biar lngsng smpe, malah dikirim pke tiki ??????? bsk nya br smpe.",Negative,Sadness
Electronics,Kipas Angin Meja / Duduk NAGOYA (Desk Fan) 12in - NG12DF,Jakarta Barat,176000,4.9,2126,1139,2,"Pengunci baling baling nya, tidakk ada... next dicek dengan teliti lah sbelum kirim. Bagus cocok dengan kipas angin lama yang rusak",Negative,Sadness
Electronics,Cosmos CIS-418 - Setrika Listrik,Jakarta Barat,117000,4.8,639,350,2,"barang pecah, ndak tau dr seller apa ekspedisinya, sayangnya saya selesaikan transaksinya sblm diunboxing, bgtu dibuka malah pecah.. barang cm dilapisi satu lapis bublewarp tipis. .. overall kecewa",Negative,Sadness
Electronics,Cosmos CB-281 P - Blender 2 L,Jakarta Barat,255000,4.8,301,146,2,Barang sesuai deskripsi dan berfungsi dengan baik. cuma tidak puas dg pelayanan dari penjual. pesanan diproses H+2 dan di pick up H+4 itu pun sesudah dikomplen baru bergerak,Negative,Fear
Electronics,CAMERA ENDOSCOPE ANDROID USB 720P IP67 TAHAN AIR KECIL,Jakarta Utara,48000,4.5,3324,677,2,Barang tidak bisa digunakan dan tidak ada CD Driver nya,Negative,Sadness
Electronics,NO TOUCH BUTTON ACCESS DOOR LIFT TOUCHLESS INFRARED SENSOR 12V-24V - POLOS,Kota Tangerang,45000,4.9,4045,475,2,Pengiriman lambat dan toko gak ramah dalam komunikasi,Negative,Fear
Electronics,ezviz c6n 2mp wifi camera wireless garansi resmi Indonesia - C6N,Surabaya,379000,4.9,2163,677,2,Barang pecah..,Negative,Sadness
Electronics,azdome dash camera 1080p dual camera with parking mode - M17Front,Jakarta Barat,699999,4.9,3800,1825,2,"Kayaknya dapat yg baterai yg jelek atau drop .. males kirim balik, tp masih bisa digunakan, cuma setiap kali jalan harus setting tanggal dan jam mulu .. tombol charge juga warna merah gak pernah nyala",Negative,Sadness
Electronics,Bardi Smart Home WIFI Window & Door Sensor - no hub required,Jakarta Barat,184000,4.9,7516,2494,1,"Salah kirim barang, yang dikirim item harga jauh lebih murah (Smart Breaker).Transaksi sudah terlanjur diselesaikan, karena sudah beli beberapa kali dan biasa tidak ada masalah.",Negative,Sadness
Electronics,Power Supply 10A / 12V Adaptor CCTV CENTRAL,Jakarta Barat,74600,4.9,3981,998,1,Baru dipakai 1 malam. Langsung ngedrop.,Negative,Sadness
Electronics,Printer HP Ink Tank 415 Print Scan Copy WiFI Wireless All in one Resmi - COMPATIBLE INK,Jakarta Pusat,2075000,4.9,602,351,1,Barang (printer) yang di kirim rusak admin online tapi tidak mau membalas chat dan pertanyaan saya untuk claim garansi.,Negative,Fear
Electronics,Deerma Vacuum Cleaner UV-C Penyedot Debu Tungau CM800 / CM810 - CM800,Jakarta Utara,574000,4.9,2356,1204,1,"Baru dipakai 1x, tidak sampai 10 menit, penghisapnya mati total",Negative,Sadness
Electronics,Ecovacs DEEBOT T9 + Auto Empty Station Robot Vacuum Cleaner Sapu Pel - T9 AES Grey,Kota Tangerang,15399000,4.9,1394,632,1,"Beli tanggal 6 agustus 2021, tp tanggal 13 September sdh error di bagian driving wheels. Akhirna ditanggal itu jg sya kirim T9 nya ke service centre di tangerang. 9 hari kemudian, T9 kembali di tgn sya, tp kemudian error lg di tanggal 23 September. Kali ini error di bagian sensor dmn deebot selalu bilang �ozmo pro is being installed. Please move to the non carpet area� pdhal ozmo pro tdk sedang di attach ke T9 nya. Dikarnakan hal ini, lampu pd deebot akhirna suka bergonta ganti jd biru putih biru putih. Dan semalaman itu voice report terus menerus bunyi seperti itu. Kalau dsuru bawa service lg, maap saja sya bakalan tdk mao berhubung ongkosna yg sgt mahal. Jd untuk sementara ya sya hanya bs matikan voice reportna dl aja biar ga terganggu. Overall, agak mengecewakan T9 ini. Dibandingkan T8 AIVI dan 950, T9 jauh tdk tahan banting. Baru pake sebulan tp sdh byk sekali errornya. Bener2 nyesel jg belinya~ Maaap cuma bs kasi bintang segene krn ktdkpuasan saya. Kl memang mao consider beli robot, beli baik beli T8 series aja. Lebi tahan banting soale~",Negative,Anger
Electronics,Notale UV Anti Dust Mite Vacuum Cleaner HEPA Filter Alt Kurumi Xiaomi,Jakarta Utara,735000,4.9,4502,2558,1,"Barang baru sampe, trus dicoba, awal nya bagus, tiba tiba mesin nya mati, udah dicoba berkali kali tetap ga hidup, seller di chat tidak respon, dana sudah diterima seller, tokopedia ga bisa bantu komplain saya, kecewa sekali. Sudah 10 hari sejak komplain saya cuma disuruh nunggu katanya di cek, tiap hari saya tanya masih dicek, ga pernah sekalipun duluan kasih info soal barang saya, selalu saya yg tanya duluan, jadi kapan penyelesaian nya? Baru sekali ini belanja di tokopedia kena seller ga bagus begini, minta refund ga ditanggapi, barang saya juga ga tau kemana dan diapain, saya beli baru tapi kayak beli barang refurbish yg ga dikirim dikirim, menyebalkan!!!",Negative,Anger
Electronics,Fantech TONE HQ52 Headset Gaming Mobile - HQ52PLUS,Jakarta Barat,229000,4.8,2699,1692,1,"Saran buat toko,kalau bisa pengiriman nya jangan lewat antaraja . Kalau bisa disarankan pegiriman nya lewat yg lain aja",Negative,Fear
Electronics,Mouse Gaming AULA S20 � 2400DPI RGB Driver Macro Software,Jakarta Pusat,140000,4.9,1951,1209,1,"Lampu tidak berfungsi sebagaimana mestinya. Tidak bisa berganti warna maupun dimatikan padahal sudah mengeklik tombol DPI dan memakai software juga. Warna merah menyakitkan di mata saya dan malah mirip mouse 10an ribu. Sudah mengirim pesan ke seller tapi tidak ada respon selama lebih dari 12 jam. Terpaksa saya kasih bintang 1. Saya baru kali ini membeli produk dari aula dan merasa kecewa, padahal saya sendiri termasuk pengguna gear dari aula",Negative,Sadness
Electronics,Xiaomi Xiaovv Webcam 1080P USB Camera Full HD with Mic Webcast Live,Jakarta Barat,188000,4.9,3231,1518,1,"Packing seadanya, bubble hanya selapis saja ditambah lapisan plastik, hasilnya barang diterima dalam keadaan patah.",Negative,Sadness
Electronics,Xiaomi Mi TV Stick Full HD Android TV Stik - Garansi Toko,Jakarta Barat,504000,4.9,7916,4384,1,Barang yg dibeli sama sekali tdk berfungsi. Utk komplain hrs ada video unboxing (pdhal bukan kerusakan fisik). Beli dari official store ternyata sama sekali tdk menjamin kualitas barang.,Negative,Fear
Electronics,SAMSUNG 32 T4500 Smart LED TV 32 Inch HD 32T4500 - UA32T4500AKXXD - TANPA BUBBLE,Jakarta Barat,3099000,4.9,1060,571,1,"Dlm ordernya sdh sy tambah 'bubble wrap' (+ rp 10.000), tp dikirimnya tanpa bubble. Lagian ordernya pagi2 n minta spy dikirimnya lbh cepat (instant), ternyata tibanya jam 16an",Negative,Sadness
Electronics,COPPER HEAVY BASS CP2001 Series Earphone (Comfortable Wearing),Surabaya,130000,4.9,5673,1717,1,Baru seminggu pemakaian sudah tidak bisa nyala sebelah,Negative,Sadness
Electronics,DENPOO KOMPOR LISTRIK INDUKSI PUSH BUTTON LOWWATT DIC 200-1000,Jakarta Utara,429000,4.8,822,365,1,"Barangnya saya terima dalam keadaan pecah di bagian sudut, padahal posisi itu dilapis gabus pelindungnya loh.. Jadi saya berasumsi kalau barangnya memang sudah pecah dari sebelum dikirim, bukan saat ekspedisi. Sayang lupa videokan saat unboxing.",Negative,Sadness
Electronics,External DVD Drive Slim Portable Burner Rewriter CD ROM Drive PC - Putih,Jakarta Pusat,116000,4.8,1499,854,1,"Sama sekali ga bisa dipakai, pas dicolokin ke laptop bisa nyala, abis masukin cd, cd tidak terbaca, pas mau dikeluarin cd-nya ga bisa, skrg cd saya masih didalem external cd ini, hadeehh jadi nambah urusan",Negative,Sadness
Electronics,Galvee Smart Zigbee Door / Window Sensor Smart Home Wireless,Jakarta Pusat,315000,4.7,47,11,5,Ini produk ga diragukan sensornya. Hampir ga ada delay dieksekusinya. Mantap.,Positive,Happy
Electronics,PIEZO BUZZER INDUSTRIAL ALARM 3v-24v 95db CONTINUOUS - HITAM,Jakarta Barat,8500,4.9,1298,238,5,Suaranya mantap ??. Packaging aman ??. Barang Mudah Digunakan.,Positive,Happy
Electronics,PIEZO BUZZER INDUSTRIAL ALARM 3v-24v 95db CONTINUOUS - HITAM,Jakarta Barat,8500,4.9,1298,238,5,"barang sesuai deskripsi & berfungsi dgn baik,,,makasih jga untuk responnya yg sangat baik",Positive,Happy
Electronics,PIEZO BUZZER INDUSTRIAL ALARM 3v-24v 95db CONTINUOUS - HITAM,Jakarta Barat,8500,4.9,1298,238,5,produknya dipaketkan dengan rapi dan tidak ada cacat. Recommended,Positive,Love
Electronics,Ezviz C6N 2MP 1080p Smart Wifi Pan Tilt CCTV camera original garansi - C6N only,Kota Bandung,379000,5.0,1700,643,5,Pasangnya gampang. Bahannya kokoh . Barangnya original ??. Proses pesanan cepat. Packaging aman ??. Packaging rapi. Respon penjualnya top. Penjualnya ramah banget.,Positive,Happy
Electronics,Ezviz C6N 2MP 1080p Smart Wifi Pan Tilt CCTV camera original garansi - C6N only,Kota Bandung,379000,5.0,1700,643,5,"Beli 2 Ezviz C6N dan sudah terpasang dua-duanya. Mudah untuk dipasang sendiri dan di setting sendiri, barang original. Gambar cukup jelas, Pan and Tilt sangat membantu untuk menemukan sudut pandang yang optimal untuk memantau. Terima kasih seller.",Positive,Happy
Electronics,Ezviz C6N 2MP 1080p Smart Wifi Pan Tilt CCTV camera original garansi - C6N only,Kota Bandung,379000,5.0,1700,643,5,"sangt bermanfaat, kamera bisa digerakan putar kiri/kanan 360, naik turun, ada mengirim suara audio. gambar kamera juga bagus.",Positive,Happy
Electronics,Kulkas 1 Pintu Sanyo Aqua D190. Dark Silver. New Colour,Jakarta Barat,1640000,4.9,2301,1060,5,"saya puas dengan pelayanan dari tokoh ini. awalnya saya chat pertanyakan ketersediaan barang ini ready, tapi begitu saat pengiriman barang tidak tersedia. saya diberikan solusi barang dengan model dan tipe yang berbeda. Namun tokoh langsung menyediakan barang sesuai permintaan saya.Walaupun tidak sesuai dengan estimasi waktu yang saya pesan sameday. Akhirnya barang pesanan saya di kirim juga sesuai dengan harapan saya.Terima kasih seller Doa kita bersama semoga makin sukses dan barang awet saya pakai.terima kasih seller ... GOD JOBSBisa muat banyak. Barangnya original ??. Mutu terjamin SNI. Ada garansi resmi. Gampang dipakai. Desainnya elegan ?. Hemat listrik ?.",Positive,Love
Electronics,Kulkas 1 Pintu Sanyo Aqua D190. Dark Silver. New Colour,Jakarta Barat,1640000,4.9,2301,1060,5,"Pengalaman pertama beli kulkas secara online, alhamdulillah pengiriman dan pengemasan baik, produk diterima dng baik tanpa kerusakan, dan kualitas produk bagus. Harga lebih miring dibanding beli langsung ke toko.",Positive,Happy
Electronics,Kulkas 1 Pintu Sanyo Aqua D190. Dark Silver. New Colour,Jakarta Barat,1640000,4.9,2301,1060,5,"Kulkas saat ini kondisi bagus semoga awet tidak ada kendala2, yang saya suka banget toko ini aja sendiri H-1 lebaran yang sanggup kirim di hari yang sama..pesen jam 1 jam 4 nyampe ...mantaaaap thx seller",Positive,Happy
Electronics,BESI KAKI KULKAS-RODA KULKAS-TATAKAN KULKAS DAN MESIN CUCI,Jakarta Timur,72500,4.8,2129,997,5,"Pengiriman cepat dan aman. Barang sesuai deskripsi. Bagian ujungnya terbuat dari plastik, tapi cukup kokoh. Perakitan mudah, cuma modal obeng. Tips: Jangan dikencengin dulu semua bautnya, kecuali kalau sudah fixed dgn ukuran kaki mesin cuci. Recommended. ????",Positive,Love
Electronics,BESI KAKI KULKAS-RODA KULKAS-TATAKAN KULKAS DAN MESIN CUCI,Jakarta Timur,72500,4.8,2129,997,5,Dua hari udah sampe. Gampang banget di rakit. Besinya lumayan kokoh dan sellernya sangat ramah. Terima kasih,Positive,Happy
Electronics,BESI KAKI KULKAS-RODA KULKAS-TATAKAN KULKAS DAN MESIN CUCI,Jakarta Timur,72500,4.8,2129,997,5,"Barang sesuai, untuk ukuran mesin cuci 1 tabung pas banget. Terima kasih Tokopedia & buat seller semoga sukses terus tokonya.",Positive,Happy
Electronics,PRINTER KASIR/PPOB THERMAL 58MM PANDA PRJ-R58D ANDROID (USB+BLUETOOTH),Jakarta Barat,355000,4.9,2351,710,5,"Paket sudah diterima dan di test, lancar tanpa macet, pokoknya recommended buat yang byari printer connect cash drawer, ya panda aja, setting nya jg gampang",Positive,Happy
Electronics,PRINTER KASIR/PPOB THERMAL 58MM PANDA PRJ-R58D ANDROID (USB+BLUETOOTH),Jakarta Barat,355000,4.9,2351,710,5,"Seller ramah, sabar jawab semua pertanyaan, barang sampai tepat waktu, mesin sudah dicoba & dpt bekerja dgn baik. Semoga awet, thanks",Positive,Happy
Electronics,PRINTER KASIR/PPOB THERMAL 58MM PANDA PRJ-R58D ANDROID (USB+BLUETOOTH),Jakarta Barat,355000,4.9,2351,710,5,Alhamdulillah bos barangnya sesuai pesanan nyampe dalam waktu 3 hari luar biasa Terima kasih banyak Semoga lancar jaya dan untuk teman-teman jangan ragu untuk belanja di toko ini terima kasih,Positive,Love
Electronics,"CASH DRAWER / LACI KASIR / LACI UANG BLUEPRINT CD-BPL02 34x36x10,8 Cm",Jakarta Utara,340000,4.9,1110,515,5,barang nya jos berfungsi dengan baik kualitas oke jadi membantu saya banget cuma awal pakek bingung kok gk bisa buka otomatisnya eh app saya ternyata yg gk suport cash drawernya mantul dah ????????,Positive,Happy
Electronics,"CASH DRAWER / LACI KASIR / LACI UANG BLUEPRINT CD-BPL02 34x36x10,8 Cm",Jakarta Utara,340000,4.9,1110,515,5,"Barangnya bagus, praktis dan harganya murah. Ga salah pilih produk dari Blueprint. Original merk. Respon penjual cepat dan ramah. Rrcommended",Positive,Love
Electronics,"CASH DRAWER / LACI KASIR / LACI UANG BLUEPRINT CD-BPL02 34x36x10,8 Cm",Jakarta Utara,340000,4.9,1110,515,5,"barang sangat bagus. no lecet, no rusak. super sekaliii. terimakasih, sukses selalu, jaga kesehatan ??????",Positive,Happy
Electronics,IWARE ZJ-5809 MINI PORTABLE BLUETOOTH THERMAL PRINTER PPOB/KASIR 58MM,Jakarta Barat,320000,4.9,451,208,5,"ditrima barangnya dg baik dan memuaskan, trimakasi ya toko Pedia smg sukses trus",Positive,Happy
Electronics,IWARE ZJ-5809 MINI PORTABLE BLUETOOTH THERMAL PRINTER PPOB/KASIR 58MM,Jakarta Barat,320000,4.9,451,208,5,"5jam lgsg sampe, packing aman buble warp, kondisi barang sudah dicoba mantab lancar bagus hasilnya, penjual fast respon. Terima kasih seller.",Positive,Happy
Electronics,IWARE ZJ-5809 MINI PORTABLE BLUETOOTH THERMAL PRINTER PPOB/KASIR 58MM,Jakarta Barat,320000,4.9,451,208,5,"Mantap barang cepet sampenya, seller Positive respon harga pass kualitas oke rekomen banget pokoknya",Positive,Love
Electronics,Paket Mesin Kasir Android Untuk Restoran,Jakarta Barat,2280000,4.9,990,426,5,Respon sangat profesional dan siap membantu dng semua pertanyaan. Pengiriman sangat cepat dan kwalitas barangnya sesuai.,Positive,Happy
Electronics,Paket Mesin Kasir Android Untuk Restoran,Jakarta Barat,2280000,4.9,990,426,5,"Mesin sesuai yg dibutuhkan. Cs nya juga ramah, menjawab semua pertanyaan apa yg kita butuhkan.",Positive,Happy
Electronics,Paket Mesin Kasir Android Untuk Restoran,Jakarta Barat,2280000,4.9,990,426,5,"Barang sampai dengan selamat, fungsi Insya Allah berjalan dengan baik, tinggal penggunaannya masih belum mahir Barang oke mantap??",Positive,Happy
Electronics,Paket Mesin Kasir Android Untuk Restoran,Jakarta Barat,2280000,4.9,990,426,5,pelayanan sangat memuaskan dan memberikan yang terbaik . penjual sangat responsif untuk menjelaskan kalau di tanyain,Positive,Happy
Electronics,Kit Mp3 Bluetooth,Kota Surabaya,31500,4.9,10884,1083,5,Mudah digunakan. Suara yang dihasilkan jernih. Produk berfungsi dengan baik.,Positive,Happy
Electronics,Kit Mp3 Bluetooth,Kota Surabaya,31500,4.9,10884,1083,5,barangnya bagus bagus sesuai pesanan harganya terjangkau dan berkualitas terimakasih banyak Tokopedia kurir dan seller,Positive,Happy
Electronics,Kit Mp3 Bluetooth,Kota Surabaya,31500,4.9,10884,1083,5,jos mantap udah saya tes Nya normal semua tinggal coba hasil suaranya aja moga suaranya juga tanpa kendala,Positive,Happy
Electronics,Module KIT MP3 Player Bluetooth Lengkap 1 Set,Jakarta Barat,30000,4.8,2893,878,5,"Suara yang dihasilkan jernih.kalau ditambahkan kit giga bass tambah glerr,ditambah lg preeamp mic 2 tr bisa buat karaoke",Positive,Happy
Electronics,Module KIT MP3 Player Bluetooth Lengkap 1 Set,Jakarta Barat,30000,4.8,2893,878,5,"berfungsi dngn baik,, playanan toko ini sangat bagus, saya saran kan belanja ditoko ini,, gak bikin kecewa pelanggan, best of the best lah toko ini,,",Positive,Love
Electronics,Module KIT MP3 Player Bluetooth Lengkap 1 Set,Jakarta Barat,30000,4.8,2893,878,4,"barang sesuai gambar, cuman perlu adaptor 12v lagi supaya bisa nyala. terima kasih juga buat kurirnya",Positive,Happy
Electronics,Rechargeable Mini Wireless Keyboard For Android Tv Box mini i8,Jakarta Utara,56000,4.9,1186,422,5,"Maaf br review skr, barang sesuai & lsg dipakai gk ada masalah....seller nya cepet ngerespon nya, yg pasti remote nya keren & recomended banget..tks",Positive,Love
Electronics,Rechargeable Mini Wireless Keyboard For Android Tv Box mini i9,Jakarta Utara,56000,4.9,1186,422,5,Seller Positive. Mini wireless keyboard berfungsi dengan baik. Terima kasih,Positive,Happy
Electronics,Rechargeable Mini Wireless Keyboard For Android Tv Box mini i10,Jakarta Utara,56000,4.9,1186,422,5,Terima kasih barang yg d terima bagus berfungsi semua packingnya juga oke jd barang aman sampai d rmh tanpa ada kerusakan,Positive,Happy
Electronics,Ruizu X02 HiFi DAP MP3 Player 8GB,Jakarta Barat,294995,4.7,1137,546,5,keren banget barangnya. batrenya sumpah awet banget. volumenya juga gede dan ringan. cocok banget dibawa untuk lari atau work out. makasi min,Positive,Happy
Electronics,Ruizu X02 HiFi DAP MP3 Player 8GB,Jakarta Barat,294995,4.7,1137,546,5,barang sdh di terima dgn selamat dan barang nya muantaaap sekali.maju dan terus berkembang buat toko nya.,Positive,Happy
Electronics,Ruizu X02 HiFi DAP MP3 Player 8GB,Jakarta Barat,294995,4.7,1137,546,5,"Makasi gan barang dah sampai aman dan langsung dipakai, barangnya bagus, slalu memuaskan terus belanja disini",Positive,Happy
Electronics,Amazon Firestick Gen Terbaru 2020 (HD & 4K Fire TV Stick) Ori dari USA - Paket IPTV,Kab Bekasi,450000,5.0,374,212,5,"Produk berfungsi dengan baik. Seller sangat komunikatif dan informatif. Dari proses pemilihan paket yang sesuai kebutuhan sampai dengan cara penggunaannya dipandu! Pengiriman sangat cepat padahal menggunakan yang bebas ongkir (dari Jakarta ke Surabaya). Alatnya kecil dan praktis, tapi sangat fungsional. Nggak hanya untuk nonton film, tapi juga live channel dalam dan luar negeri (waktu pertama tanya2, hanya nyari buat Netflix, NBA TV dan amazon prime. dapatnya lebih!). Tapi jangan lupa ya, kerja alat ini benar2 tergantung koneksi internet kita. Dia makin oke semuanya kalau internet kita top juga.",Positive,Happy
Electronics,Amazon Firestick Gen Terbaru 2020 (HD & 4K Fire TV Stick) Ori dari USA - Paket IPTV,Kab Bekasi,450000,5.0,374,212,5,"Barangnya original ??. Produk berfungsi dengan baik. Suara yang dihasilkan jernih. Mudah digunakan. asli ga nyesel transaksi disini,agan seller mau jelasin sejelas2nya masalah produk dan variasi2nya,sampe cara penggunaan alatnya sehingga berfungsi semuanya...",Positive,Happy
Electronics,Amazon Firestick Gen Terbaru 2020 (HD & 4K Fire TV Stick) Ori dari USA - Paket IPTV,Kab Bekasi,450000,5.0,374,212,5,"Suara yang dihasilkan jernih. Garansi Resmi. Mudah digunakan. Seller sangat komunikatif dan detail dalam menjelaskan fitur yang bisa digunakan untuk streaming TV maupun film, sangat recommended untuk hobby nya nonton Produk berfungsi dengan baik. Barangnya original ??.",Positive,Love
Electronics,Amazon Firestick Gen Terbaru 2020 (HD & 4K Fire TV Stick) Ori dari USA - Paket IPTV,Kab Bekasi,450000,5.0,374,212,5,"Recommend banget beli disini, Respon cepet banget ga ada itungan menit, dikasih best price harga ok, mau tanya apapun di respon, sampe di kasih no WA, dan sabar banget tungguin semua sampe Ok, di call sampe 24 menit, jarang2 ketemu yg begini, thanks banget ya... PUAS BANGET DAN RECOMMEND BANGET",Positive,Love
Electronics,Xiaomi MiBox Mi Box S Mi Box 4 Internasional Android TV MDZ-22-AB - TanpaKeyboard,Kota Malang,945000,4.9,533,226,5,Solusi untuk yang pingin punya smart tv tanpa harus beli smart tv. Barang berfungsi seperti seharusnya.,Positive,Happy
Electronics,Xiaomi MiBox Mi Box S Mi Box 4 Internasional Android TV MDZ-22-AB - TanpaKeyboard,Kota Malang,945000,4.9,533,226,5,"mantab deh sesuai ekspektasi, lancar jaya ga ngelag meski ram cuma 2gb mungkin krn sudah di optimize dari mi nya, ui juga lebih simple dr tv box lain, overall puas",Positive,Happy
Electronics,Xiaomi MiBox Mi Box S Mi Box 4 Internasional Android TV MDZ-22-AB - TanpaKeyboard,Kota Malang,945000,4.9,533,226,5,"Highly recomend ????Mantap seller ini pengiriman super kilat cuma 1x24jam sampai,ada yg kurang kirim saya wa cepat dibalas dan langsung dikirim kekurangannya,ramah,respon sangat baik.",Positive,Happy
Electronics,speaker al quran 16 gb Radio digital am fm sw radio rodja,Jakarta Timur,195000,4.9,482,227,5,"barang sampai dengan baik, produk cukup bagus, suara tidak melengking, radio cukup jernih, semoga bermanfaat.",Positive,Happy
Electronics,speaker al quran 16 gb Radio digital am fm sw radio rodja,Jakarta Timur,195000,4.9,482,227,5,"Alhamdulillah paket sampai dgn cepat, suaranya jernih juga, ibu saya seneng bisa denger radio rodja lagi. Seller ramah dan responsif. Semoga awet produknya. Semoga berkah untuk seller",Positive,Happy
Electronics,speaker al quran 16 gb Radio digital am fm sw radio rodja,Jakarta Timur,195000,4.9,482,227,5,"Ditinjau dr kesesuaian dg deskripsi, fungsional produk dan rekomendasi produk adalah tepat, sesuai dan baik.",Positive,Love
Electronics,speaker al quran 16 gb Radio digital am fm sw radio rodja,Jakarta Timur,195000,4.9,482,227,5,Sesuai dengan deskripsi penjua. Sudah dites fungsi dan beberapa fiturnya dan berjalan dg baik. Kualitas Suara tidak mengecewakan. Harga yg cukup menarik itupun masih diberi bonus kecil. Recomend jd Best seller in toped!,Positive,Love
Electronics,Original RUIZU X50 8Gb BLUETOOTH Sport MP3 Player DAP TF FM Pedo V X02,Jakarta Barat,399000,4.8,618,263,5,"Akhirnya kesampaian juga punya mp3 player. Terima kasih sudah menyediakan produk ini, sangat mudah di gunakan",Positive,Happy
